Hello,World
1.922041,2
2.086819,2
2.318754,3
2.484624,3
2.699793,4
2.931743,1
3.130527,4
3.32943,0
3.544755,4
3.760055,1
3.975684,2
4.389585,3
5.085386,4
5.267621,0
5.467173,4
5.66522,0
5.897154,4
6.095953,2
6.34548,2
6.5599,1
6.791753,3
6.991033,2
7.437853,2
Hello,World
